{
  "resources": [
    "../assets/audio/audiosprite.mp3"
  ],
  "spritemap": {
    "battle": {
      "start": 0,
      "end": 97.66226757369614,
      "loop": true
    },
    "click": {
      "start": 99,
      "end": 99.3219954648526,
      "loop": false
    },
    "error_click": {
      "start": 101,
      "end": 101.43575963718821,
      "loop": false
    },
    "explossion_ship_complete": {
      "start": 103,
      "end": 106.45773242630385,
      "loop": false
    },
    "explossion_ship_partial": {
      "start": 108,
      "end": 110.04206349206349,
      "loop": false
    },
    "fireworks": {
      "start": 112,
      "end": 120.00462585034013,
      "loop": true
    },
    "metal_gate_close": {
      "start": 122,
      "end": 123.6631746031746,
      "loop": false
    },
    "metal_gate_open": {
      "start": 125,
      "end": 126.30591836734693,
      "loop": false
    },
    "missile_launch_fly": {
      "start": 128,
      "end": 131.75884353741498,
      "loop": false
    },
    "sea_wave": {
      "start": 133,
      "end": 139.99532879818594,
      "loop": false
    },
    "splash": {
      "start": 141,
      "end": 191.88653061224488,
      "loop": true
    },
    "start_game": {
      "start": 193,
      "end": 195.50836734693877,
      "loop": false
    },
    "water_impact": {
      "start": 197,
      "end": 199.00086167800453,
      "loop": false
    },
    "win": {
      "start": 201,
      "end": 204.39977324263037,
      "loop": false
    }
  }
}