{
  "resources": [
    "../assets/audio/audiosprite.mp3"
  ],
  "spritemap": {
    "click_btn": {
      "start": 0,
      "end": 0.13303854875283447,
      "loop": false
    },
    "click_color_off": {
      "start": 2,
      "end": 2.130612244897959,
      "loop": false
    },
    "click_color_on": {
      "start": 4,
      "end": 4.156734693877551,
      "loop": false
    },
    "color_right": {
      "start": 6,
      "end": 7.071020408163266,
      "loop": false
    },
    "color_wrong": {
      "start": 9,
      "end": 9.391836734693877,
      "loop": false
    },
    "draw_done": {
      "start": 11,
      "end": 12.697959183673468,
      "loop": false
    },
    "music_loop": {
      "start": 14,
      "end": 36.93551020408164,
      "loop": false
    },
    "paper_crumple": {
      "start": 38,
      "end": 40.06367346938775,
      "loop": false
    },
    "pxl_erase": {
      "start": 42,
      "end": 42.10448979591837,
      "loop": false
    }
  }
}