{
  "urls": [
    "../assets/audio/audiosprite.mp3",
    "../assets/audio/audiosprite.ogg"
  ],
  "sprite": {
    "atrapa_chutador": [
      0,
      757.5510204081633
    ],
    "audiosprite": [
      2000,
      326060.4081632653
    ],
    "ball_bounce_01": [
      330000,
      653.061224489818
    ],
    "ball_bounce_02": [
      332000,
      600.8163265306052
    ],
    "ball_bounce_03": [
      334000,
      548.5714285714494
    ],
    "ball_electrified": [
      336000,
      1227.7551020408168
    ],
    "bark_01": [
      339000,
      215.98639455783086
    ],
    "bark_02": [
      341000,
      312.0181405895437
    ],
    "bark_03": [
      343000,
      264.0136054421873
    ],
    "boing_01": [
      345000,
      215.98639455783086
    ],
    "boing_02": [
      347000,
      264.0136054421873
    ],
    "boing_03": [
      349000,
      215.98639455783086
    ],
    "btn_click": [
      351000,
      653.061224489818
    ],
    "bumper": [
      353000,
      1593.4693877550785
    ],
    "cage_open": [
      356000,
      391.83673469386804
    ],
    "celebrating_players": [
      358000,
      9048.004535147413
    ],
    "chuta_chutador": [
      369000,
      182.85714285713084
    ],
    "coin_pick_01": [
      371000,
      626.9387755102116
    ],
    "coin_pick_02": [
      373000,
      626.9387755102116
    ],
    "coin_pick_03": [
      375000,
      626.9387755102116
    ],
    "defense_steals_ball": [
      377000,
      1170.8616780045418
    ],
    "defense_steals_ball_rare": [
      380000,
      2093.2426303854754
    ],
    "extra_ball_released": [
      384000,
      835.9183673469488
    ],
    "footstep_thief_1": [
      386000,
      156.73469387752448
    ],
    "footstep_thief_2": [
      388000,
      168.00453514741776
    ],
    "forward_back": [
      390000,
      391.83673469386804
    ],
    "forward_forth": [
      392000,
      391.83673469386804
    ],
    "game_scroll_start": [
      394000,
      757.5510204081866
    ],
    "goal_1": [
      396000,
      1306.122448979579
    ],
    "goal_2": [
      399000,
      1933.0612244897907
    ],
    "goal_3": [
      402000,
      1436.734693877554
    ],
    "goal_4": [
      405000,
      2951.8367346938703
    ],
    "goal_5": [
      409000,
      2429.3877551020273
    ],
    "goalkeeper_stops": [
      413000,
      1645.7142857142912
    ],
    "golden_pig": [
      416000,
      3056.326530612239
    ],
    "impact_boundary": [
      421000,
      192.0634920634825
    ],
    "impact_boundary_2": [
      423000,
      235.10204081634356
    ],
    "loop_1": [
      425000,
      11311.020408163244
    ],
    "loop_10": [
      438000,
      15072.653061224515
    ],
    "loop_2": [
      455000,
      11304.013605442151
    ],
    "loop_3": [
      468000,
      11304.013605442151
    ],
    "loop_4": [
      481000,
      11311.020408163244
    ],
    "loop_5": [
      494000,
      11311.020408163244
    ],
    "loop_6": [
      507000,
      11304.013605442151
    ],
    "loop_7": [
      520000,
      7559.999999999945
    ],
    "loop_8": [
      529000,
      15072.653061224515
    ],
    "loop_9": [
      546000,
      15072.653061224515
    ],
    "loop_endless": [
      563000,
      10175.986394557867
    ],
    "loop_gameover": [
      575000,
      10187.755102040795
    ],
    "loop_splash": [
      587000,
      10200.000000000045
    ],
    "lost_ball": [
      599000,
      1201.6326530612105
    ],
    "moe_talks_1": [
      602000,
      335.9863945578354
    ],
    "moe_talks_2": [
      604000,
      455.98639455783996
    ],
    "moe_yells": [
      606000,
      1535.9863945577672
    ],
    "moneda": [
      609000,
      182.85714285718768
    ],
    "moving_platform": [
      611000,
      391.8367346939249
    ],
    "mushroom_impact": [
      613000,
      312.0181405895437
    ],
    "mushroom_pop": [
      615000,
      365.7142857142617
    ],
    "new_record_fx": [
      617000,
      4075.1020408163185
    ],
    "pig_hit": [
      623000,
      626.9387755102116
    ],
    "pig_idle": [
      625000,
      470.2040816326871
    ],
    "portal": [
      627000,
      1201.6326530612105
    ],
    "portal_blocked": [
      630000,
      365.7142857142617
    ],
    "rebote_pin": [
      632000,
      339.59183673471216
    ],
    "stinger_victory_tournament": [
      634000,
      16117.5510204082
    ],
    "switch": [
      652000,
      731.4285714285234
    ]
  }
}