{
  "resources": [
    "../assets/audio/audiosprite.mp3"
  ],
  "spritemap": {
    "angry_snake_01": {
      "start": 0,
      "end": 0.4769387755102041,
      "loop": false
    },
    "angry_snake_02": {
      "start": 2,
      "end": 2.4873469387755103,
      "loop": false
    },
    "boost_01": {
      "start": 4,
      "end": 4.816439909297052,
      "loop": false
    },
    "boost_02": {
      "start": 6,
      "end": 6.645396825396825,
      "loop": false
    },
    "boost_03": {
      "start": 8,
      "end": 8.535124716553288,
      "loop": false
    },
    "boost_paerticle_fx": {
      "start": 10,
      "end": 11.00047619047619,
      "loop": false
    },
    "btn_press": {
      "start": 13,
      "end": 13.254081632653062,
      "loop": false
    },
    "eat_boost_01": {
      "start": 15,
      "end": 16.49,
      "loop": false
    },
    "eat_boost_02": {
      "start": 18,
      "end": 19.49,
      "loop": false
    },
    "explosion": {
      "start": 21,
      "end": 22.56,
      "loop": false
    },
    "goal_01": {
      "start": 24,
      "end": 26.945079365079366,
      "loop": false
    },
    "goal_02": {
      "start": 28,
      "end": 30.945079365079366,
      "loop": false
    },
    "goal_03": {
      "start": 32,
      "end": 34.945079365079366,
      "loop": false
    },
    "hit_cage_01": {
      "start": 36,
      "end": 37.00795918367347,
      "loop": false
    },
    "hit_cage_02": {
      "start": 39,
      "end": 39.54938775510204,
      "loop": false
    },
    "in_cage_sound_01": {
      "start": 41,
      "end": 41.54857142857143,
      "loop": false
    },
    "in_cage_sound_02": {
      "start": 43,
      "end": 43.6530612244898,
      "loop": false
    },
    "in_cage_sound_03": {
      "start": 45,
      "end": 45.54857142857143,
      "loop": false
    },
    "in_cage_sound_04": {
      "start": 47,
      "end": 47.6530612244898,
      "loop": false
    },
    "in_cage_sound_05": {
      "start": 49,
      "end": 49.91428571428571,
      "loop": false
    },
    "in_cage_sound_06": {
      "start": 51,
      "end": 51.6530612244898,
      "loop": false
    },
    "in_cage_sound_07": {
      "start": 53,
      "end": 54.17551020408163,
      "loop": false
    },
    "in_cage_sound_08": {
      "start": 56,
      "end": 56.78367346938776,
      "loop": false
    },
    "loop_cages": {
      "start": 58,
      "end": 65.09950113378684,
      "loop": true
    },
    "loop_ingame": {
      "start": 67,
      "end": 99.05224489795918,
      "loop": true
    },
    "loop_menus": {
      "start": 101,
      "end": 108.16027210884354,
      "loop": true
    },
    "release_cage": {
      "start": 110,
      "end": 110.34834467120182,
      "loop": false
    },
    "touch_ball_01": {
      "start": 112,
      "end": 112.14190476190477,
      "loop": false
    },
    "touch_ball_02": {
      "start": 114,
      "end": 114.14190476190477,
      "loop": false
    },
    "touch_ball_03": {
      "start": 116,
      "end": 116.16981859410431,
      "loop": false
    },
    "touch_snake_01": {
      "start": 118,
      "end": 118.12965986394558,
      "loop": false
    }
  }
}